{
  "d7i2YWBFaE4": {
    "user_name": "Hans Isaacson",
    "user_url": "https://unsplash.com/@hans_isaacson?utm_source=unsample&utm_medium=referral&utm_campaign=api-credit",
    "photo_url": "https://unsplash.com/photos/d7i2YWBFaE4?utm_source=unsample&utm_medium=referral&utm_campaign=api-credit"
  },
  "pJIRI2awmDc": {
    "user_name": "Jessica Fadel",
    "user_url": "https://unsplash.com/@jessicalfadel?utm_source=unsample&utm_medium=referral&utm_campaign=api-credit",
    "photo_url": "https://unsplash.com/photos/pJIRI2awmDc?utm_source=unsample&utm_medium=referral&utm_campaign=api-credit"
  },
  "wMzpa3WsDkI": {
    "user_name": "Kam Idris",
    "user_url": "https://unsplash.com/@ka_idris?utm_source=unsample&utm_medium=referral&utm_campaign=api-credit",
    "photo_url": "https://unsplash.com/photos/wMzpa3WsDkI?utm_source=unsample&utm_medium=referral&utm_campaign=api-credit"
  },
  "ZzyTrnrlqUs": {
    "user_name": "Vidar Nordli-Mathisen",
    "user_url": "https://unsplash.com/@vidarnm?utm_source=unsample&utm_medium=referral&utm_campaign=api-credit",
    "photo_url": "https://unsplash.com/photos/ZzyTrnrlqUs?utm_source=unsample&utm_medium=referral&utm_campaign=api-credit"
  },
  "PAcGZB0KSX4": {
    "user_name": "Patricia Maldonado",
    "user_url": "https://unsplash.com/@patrimaldo?utm_source=unsample&utm_medium=referral&utm_campaign=api-credit",
    "photo_url": "https://unsplash.com/photos/PAcGZB0KSX4?utm_source=unsample&utm_medium=referral&utm_campaign=api-credit"
  },
  "idPwjLxZ8FA": {
    "user_name": "Sven Ciupka",
    "user_url": "https://unsplash.com/@svenciupkab?utm_source=unsample&utm_medium=referral&utm_campaign=api-credit",
    "photo_url": "https://unsplash.com/photos/idPwjLxZ8FA?utm_source=unsample&utm_medium=referral&utm_campaign=api-credit"
  },
  "-UFvBG-zKdA": {
    "user_name": "Jonathan Cooper",
    "user_url": "https://unsplash.com/@theshuttervision?utm_source=unsample&utm_medium=referral&utm_campaign=api-credit",
    "photo_url": "https://unsplash.com/photos/-UFvBG-zKdA?utm_source=unsample&utm_medium=referral&utm_campaign=api-credit"
  },
  "QWDI4NkbKMc": {
    "user_name": "Till Daling",
    "user_url": "https://unsplash.com/@tilldaling?utm_source=unsample&utm_medium=referral&utm_campaign=api-credit",
    "photo_url": "https://unsplash.com/photos/QWDI4NkbKMc?utm_source=unsample&utm_medium=referral&utm_campaign=api-credit"
  }
}